algorithm,matrix_size,pair_id,time_seconds,memory_before_kb,memory_after_kb,memory_difference_kb,heap_current_bytes,heap_peak_bytes,heap_allocations,is_correct,max_abs_error,max_rel_error
iterative,64,1,0.000299103,2432,2432,0,0,0,0,1,0,0
recursive,64,1,0.011318056,2432,2432,0,0,152880,524286,1,1.4210854715202004e-14,7.9018964551707071e-16
hybrid_divide_conquer,64,1,0.000252853,2432,2432,0,0,0,0,1,0,0
strassen,64,1,0.007585151,2432,2432,0,0,229320,411768,1,5.7198690228688065e-13,3.4328204625391986e-14
hybrid_strassen,64,1,0.000238931,2432,2432,0,0,0,0,1,0,0
iterative,64,2,0.000225652,2432,2432,0,0,0,0,1,0,0
recursive,64,2,0.009107001,2432,2432,0,0,152880,524286,1,1.4210854715202004e-14,8.7969435659511758e-16
hybrid_divide_conquer,64,2,0.000243980,2432,2432,0,0,0,0,1,0,0
strassen,64,2,0.013038677,2432,2432,0,0,229320,411768,1,5.2580162446247414e-13,3.844819237141442e-14
hybrid_strassen,64,2,0.000322976,2432,2432,0,0,0,0,1,0,0
iterative,64,3,0.000323049,2432,2432,0,0,0,0,1,0,0
recursive,64,3,0.016832899,2432,2432,0,0,152880,524286,1,1.7763568394002505e-14,8.1192243424516724e-16
hybrid_divide_conquer,64,3,0.000346310,2432,2432,0,0,0,0,1,0,0
strassen,64,3,0.013192053,2432,2432,0,0,229320,411768,1,6.0751403907488566e-13,4.0678122123956075e-14
hybrid_strassen,64,3,0.000243397,2432,2432,0,0,0,0,1,0,0
iterative,64,4,0.000239514,2432,2432,0,0,0,0,1,0,0
recursive,64,4,0.011510840,2432,2432,0,0,152880,524286,1,1.7763568394002505e-14,9.4238682084020894e-16
hybrid_divide_conquer,64,4,0.000372718,2432,2432,0,0,0,0,1,0,0
strassen,64,4,0.008800143,2432,2432,0,0,229320,411768,1,6.2527760746888816e-13,4.9285654796572144e-14
hybrid_strassen,64,4,0.000230600,2432,2432,0,0,0,0,1,0,0
iterative,64,5,0.000219205,2432,2432,0,0,0,0,1,0,0
recursive,64,5,0.009334931,2432,2432,0,0,152880,524286,1,1.7763568394002505e-14,9.1686109101597068e-16
hybrid_divide_conquer,64,5,0.000234096,2432,2432,0,0,0,0,1,0,0
strassen,64,5,0.006854766,2432,2432,0,0,229320,411768,1,5.6132876125047915e-13,3.2533384282197884e-14
hybrid_strassen,64,5,0.000208249,2432,2432,0,0,0,0,1,0,0
iterative,64,6,0.000207353,2432,2432,0,0,0,0,1,0,0
recursive,64,6,0.008929194,2432,2432,0,0,152880,524286,1,1.7763568394002505e-14,9.3384211452822353e-16
hybrid_divide_conquer,64,6,0.000205869,2432,2432,0,0,0,0,1,0,0
strassen,64,6,0.006411781,2432,2432,0,0,229320,411768,1,4.5474735088646412e-13,2.6401663777890138e-14
hybrid_strassen,64,6,0.000202826,2432,2432,0,0,0,0,1,0,0
iterative,64,7,0.000201829,2432,2432,0,0,0,0,1,0,0
recursive,64,7,0.008531277,2432,2432,0,0,152880,524286,1,1.4210854715202004e-14,8.304362764218798e-16
hybrid_divide_conquer,64,7,0.000207808,2432,2432,0,0,0,0,1,0,0
strassen,64,7,0.006803100,2432,2432,0,0,229320,411768,1,8.7929663550312398e-13,6.3404302265978409e-14
hybrid_strassen,64,7,0.000216348,2432,2432,0,0,0,0,1,0,0
iterative,64,8,0.000225459,2432,2432,0,0,0,0,1,0,0
recursive,64,8,0.008680202,2432,2432,0,0,152880,524286,1,1.4210854715202004e-14,8.5500201155841811e-16
hybrid_divide_conquer,64,8,0.000248192,2432,2432,0,0,0,0,1,0,0
strassen,64,8,0.007437740,2432,2432,0,0,229320,411768,1,4.6185277824406512e-13,2.8719312383874958e-14
hybrid_strassen,64,8,0.000240957,2432,2432,0,0,0,0,1,0,0
iterative,64,9,0.000232252,2432,2432,0,0,0,0,1,0,0
recursive,64,9,0.008847749,2432,2432,0,0,152880,524286,1,1.4210854715202004e-14,8.3799195195212553e-16
hybrid_divide_conquer,64,9,0.000234698,2432,2432,0,0,0,0,1,0,0
strassen,64,9,0.007386355,2432,2432,0,0,229320,411768,1,6.8922645368729718e-13,4.1279627647573619e-14
hybrid_strassen,64,9,0.000233348,2432,2432,0,0,0,0,1,0,0
iterative,64,10,0.000232364,2432,2432,0,0,0,0,1,0,0
recursive,64,10,0.009670235,2432,2432,0,0,152880,524286,1,1.4210854715202004e-14,8.4248882100353168e-16
hybrid_divide_conquer,64,10,0.000210855,2432,2432,0,0,0,0,1,0,0
strassen,64,10,0.006355612,2432,2432,0,0,229320,411768,1,7.1054273576010019e-13,3.9515806849403022e-14
hybrid_strassen,64,10,0.000201388,2432,2432,0,0,0,0,1,0,0
iterative,128,1,0.002486882,2432,2432,0,0,0,0,1,0,0
recursive,128,1,0.068251767,2432,2560,128,0,611632,4194302,1,4.2632564145606011e-14,1.2512301877938881e-15
hybrid_divide_conquer,128,1,0.002564849,2560,2560,0,0,458752,14,1,4.2632564145606011e-14,1.2836453613005629e-15
strassen,128,1,0.049744949,2560,2872,312,0,917448,2882397,1,1.4317436125566019e-12,4.7903279046593785e-14
hybrid_strassen,128,1,0.001561909,2872,2872,0,0,688128,21,1,7.1054273576010019e-14,1.8633307666069887e-15
iterative,128,2,0.001681910,2872,2872,0,0,0,0,1,0,0
recursive,128,2,0.060984729,2872,2872,0,0,611632,4194302,1,4.2632564145606011e-14,1.2020962385132209e-15
hybrid_divide_conquer,128,2,0.001781730,2872,2872,0,0,458752,14,1,4.2632564145606011e-14,1.2573591976187205e-15
strassen,128,2,0.049283100,2872,2872,0,0,917448,2882397,1,2.4016344468691386e-12,7.5787748437222218e-14
hybrid_strassen,128,2,0.001608854,2872,2872,0,0,688128,21,1,6.3948846218409017e-14,2.1292996875779128e-15
iterative,128,3,0.001889433,2872,2872,0,0,0,0,1,0,0
recursive,128,3,0.072679015,2872,2872,0,0,611632,4194302,1,4.9737991503207013e-14,1.4122386471544484e-15
hybrid_divide_conquer,128,3,0.001882292,2872,2872,0,0,458752,14,1,4.2632564145606011e-14,1.2363773810392805e-15
strassen,128,3,0.065283926,2872,2872,0,0,917448,2882397,1,3.7623237858497305e-12,1.2339420425362579e-13
hybrid_strassen,128,3,0.001790145,2872,2872,0,0,688128,21,1,7.1054273576010019e-14,2.0534369622056013e-15
iterative,128,4,0.002391441,2872,2872,0,0,0,0,1,0,0
recursive,128,4,0.072366590,2872,2872,0,0,611632,4194302,1,4.9737991503207013e-14,1.3500098213081931e-15
hybrid_divide_conquer,128,4,0.001639663,2872,2872,0,0,458752,14,1,4.9737991503207013e-14,1.3500098213081931e-15
strassen,128,4,0.057709301,2872,2872,0,0,917448,2882397,1,2.9771740628348198e-12,9.4817288968145389e-14
hybrid_strassen,128,4,0.001935118,2872,2872,0,0,688128,21,1,8.5265128291212022e-14,2.4405881461817803e-15
iterative,128,5,0.002146806,2872,2872,0,0,0,0,1,0,0
recursive,128,5,0.079588125,2872,2872,0,0,611632,4194302,1,4.2632564145606011e-14,1.2345132742895799e-15
hybrid_divide_conquer,128,5,0.001932338,2872,2872,0,0,458752,14,1,4.9737991503207013e-14,1.5146010097204023e-15
strassen,128,5,0.057879018,2872,2872,0,0,917448,2882397,1,3.3359981443936704e-12,1.0970657535513531e-13
hybrid_strassen,128,5,0.002508058,2872,2872,0,0,688128,21,1,8.5265128291212022e-14,2.4303802304349911e-15
iterative,128,6,0.002076095,2872,2872,0,0,0,0,1,0,0
recursive,128,6,0.083711689,2872,2872,0,0,611632,4194302,1,4.9737991503207013e-14,1.3928760449178539e-15
hybrid_divide_conquer,128,6,0.002006971,2872,2872,0,0,458752,14,1,4.2632564145606011e-14,1.2466038288392485e-15
strassen,128,6,0.059567598,2872,2872,0,0,917448,2882397,1,1.5276668818842154e-12,5.1216907433926601e-14
hybrid_strassen,128,6,0.002449680,2872,2872,0,0,688128,21,1,7.1054273576010019e-14,2.1737952768693988e-15
iterative,128,7,0.001974206,2872,2872,0,0,0,0,1,0,0
recursive,128,7,0.069732273,2872,2872,0,0,611632,4194302,1,4.2632564145606011e-14,1.3215505176964668e-15
hybrid_divide_conquer,128,7,0.002107842,2872,2872,0,0,458752,14,1,4.9737991503207013e-14,1.3992638365928611e-15
strassen,128,7,0.067299427,2872,2872,0,0,917448,2882397,1,1.7550405573274475e-12,5.3799581061884423e-14
hybrid_strassen,128,7,0.002283580,2872,2872,0,0,688128,21,1,8.8817841970012523e-14,2.9106729928960609e-15
iterative,128,8,0.002398187,2872,2872,0,0,0,0,1,0,0
recursive,128,8,0.103062455,2872,2872,0,0,611632,4194302,1,4.2632564145606011e-14,1.2392814360154011e-15
hybrid_divide_conquer,128,8,0.002405328,2872,2872,0,0,458752,14,1,4.2632564145606011e-14,1.2648099284805363e-15
strassen,128,8,0.063468001,2872,2872,0,0,917448,2882397,1,2.5508484213787597e-12,7.2756527363817043e-14
hybrid_strassen,128,8,0.002545658,2872,2872,0,0,688128,21,1,7.815970093361102e-14,2.4495128271532997e-15
iterative,128,9,0.002496919,2872,2872,0,0,0,0,1,0,0
recursive,128,9,0.091937793,2872,2872,0,0,611632,4194302,1,4.2632564145606011e-14,1.4304245553012585e-15
hybrid_divide_conquer,128,9,0.002743460,2872,2872,0,0,458752,14,1,4.9737991503207013e-14,1.4304245553012585e-15
strassen,128,9,0.072649348,2872,2872,0,0,917448,2882397,1,3.1370461783808423e-12,9.8658664744797817e-14
hybrid_strassen,128,9,0.002613960,2872,2872,0,0,688128,21,1,7.815970093361102e-14,2.6013557081777697e-15
iterative,128,10,0.002958268,2872,2872,0,0,0,0,1,0,0
recursive,128,10,0.100773816,2872,2872,0,0,611632,4194302,1,4.9737991503207013e-14,1.3272163229161547e-15
hybrid_divide_conquer,128,10,0.002060534,2872,2872,0,0,458752,14,1,4.9737991503207013e-14,1.2993627291693158e-15
strassen,128,10,0.066904545,2872,2872,0,0,917448,2882397,1,3.822719918389339e-12,1.2636030005600935e-13
hybrid_strassen,128,10,0.002502205,2872,2872,0,0,688128,21,1,9.2370555648813024e-14,3.1988481084107102e-15
iterative,256,1,0.029329763,3500,4012,512,0,0,0,1,0,0
recursive,256,1,0.581911577,4012,5944,1932,0,2446640,33554430,1,1.2789769243681803e-13,2.0639815249362397e-15
hybrid_divide_conquer,256,1,0.013956713,5944,5944,0,0,2293760,126,1,1.2789769243681803e-13,1.942570846998814e-15
strassen,256,1,0.355767627,5944,7096,1152,0,3669960,20176800,1,9.9120711638533976e-12,1.5720255117994397e-13
hybrid_strassen,256,1,0.012397859,7096,7096,0,0,3440640,168,1,3.2684965844964609e-13,4.9934203186577182e-15
iterative,256,2,0.017252357,7096,7096,0,0,0,0,1,0,0
recursive,256,2,0.517439575,7096,7096,0,0,2446640,33554430,1,1.2789769243681803e-13,1.9229921764062989e-15
hybrid_divide_conquer,256,2,0.014104524,7096,7096,0,0,2293760,126,1,1.2789769243681803e-13,1.9229921764062989e-15
strassen,256,2,0.336150316,7096,7096,0,0,3669960,20176800,1,1.2619238987099379e-11,1.9883317649156208e-13
hybrid_strassen,256,2,0.012367194,7096,7096,0,0,3440640,168,1,2.8421709430404007e-13,4.4526382811337754e-15
iterative,256,3,0.016536171,7096,7096,0,0,0,0,1,0,0
recursive,256,3,0.508281115,7096,7096,0,0,2446640,33554430,1,1.1368683772161603e-13,1.7178249872776147e-15
hybrid_divide_conquer,256,3,0.013730580,7096,7096,0,0,2293760,126,1,1.2789769243681803e-13,1.9538046814108512e-15
strassen,256,3,0.338141584,7096,7096,0,0,3669960,20176800,1,1.0402345651527867e-11,1.6036139646757317e-13
hybrid_strassen,256,3,0.011607364,7096,7096,0,0,3440640,168,1,2.9132252166164108e-13,4.7610409261400235e-15
iterative,256,4,0.017455979,7096,7096,0,0,0,0,1,0,0
recursive,256,4,0.515629198,7096,7096,0,0,2446640,33554430,1,1.2789769243681803e-13,1.9187531027082322e-15
hybrid_divide_conquer,256,4,0.015598225,7096,7096,0,0,2293760,126,1,1.4210854715202004e-13,2.0479529013654432e-15
strassen,256,4,0.347438392,7096,7096,0,0,3669960,20176800,1,1.3358203432289883e-11,2.0431085351886924e-13
hybrid_strassen,256,4,0.012401674,7096,7096,0,0,3440640,168,1,3.5527136788005009e-13,5.3774691244331841e-15
iterative,256,5,0.016677627,7096,7096,0,0,0,0,1,0,0
recursive,256,5,0.521263143,7096,7096,0,0,2446640,33554430,1,1.4210854715202004e-13,2.0274684050310678e-15
hybrid_divide_conquer,256,5,0.013169926,7096,7096,0,0,2293760,126,1,1.2789769243681803e-13,1.9230232686532322e-15
strassen,256,5,0.346019983,7096,7096,0,0,3669960,20176800,1,1.20579102258489e-11,1.9527737110984723e-13
hybrid_strassen,256,5,0.012550089,7096,7096,0,0,3440640,168,1,2.7711166694643907e-13,4.4916099337059546e-15
iterative,256,6,0.016399134,7096,7096,0,0,0,0,1,0,0
recursive,256,6,0.543828635,7096,7096,0,0,2446640,33554430,1,1.2789769243681803e-13,1.8281666738927447e-15
hybrid_divide_conquer,256,6,0.014329177,7096,7096,0,0,2293760,126,1,1.2789769243681803e-13,1.8694875385476992e-15
strassen,256,6,0.343425718,7096,7096,0,0,3669960,20176800,1,1.0828671292983927e-11,1.7828736556039215e-13
hybrid_strassen,256,6,0.011529561,7096,7096,0,0,3440640,168,1,2.8421709430404007e-13,4.5673626582989812e-15
iterative,256,7,0.017284312,7096,7096,0,0,0,0,1,0,0
recursive,256,7,0.542542075,7096,7096,0,0,2446640,33554430,1,1.2789769243681803e-13,1.9610839303276565e-15
hybrid_divide_conquer,256,7,0.013668166,7096,7096,0,0,2293760,126,1,1.2789769243681803e-13,1.9610839303276565e-15
strassen,256,7,0.332074120,7096,7096,0,0,3669960,20176800,1,1.602984411874786e-11,2.5854658044900395e-13
hybrid_strassen,256,7,0.012145072,7096,7096,0,0,3440640,168,1,3.1263880373444408e-13,4.7533271365581596e-15
iterative,256,8,0.016675711,7096,7096,0,0,0,0,1,0,0
recursive,256,8,0.525488144,7096,7096,0,0,2446640,33554430,1,1.4210854715202004e-13,1.9612979761204642e-15
hybrid_divide_conquer,256,8,0.013124181,7096,7096,0,0,2293760,126,1,1.2789769243681803e-13,1.9192555271861375e-15
strassen,256,8,0.334495709,7096,7096,0,0,3669960,20176800,1,1.0437872788315872e-11,1.6419872400739431e-13
hybrid_strassen,256,8,0.016250828,7096,7096,0,0,3440640,168,1,3.1263880373444408e-13,4.8320089463947869e-15
iterative,256,9,0.016821817,7096,7096,0,0,0,0,1,0,0
recursive,256,9,0.510027353,7096,7096,0,0,2446640,33554430,1,1.4210854715202004e-13,2.0333956710537713e-15
hybrid_divide_conquer,256,9,0.013228273,7096,7096,0,0,2293760,126,1,1.4210854715202004e-13,2.0862697185011713e-15
strassen,256,9,0.336620655,7096,7096,0,0,3669960,20176800,1,1.1084466677857563e-11,1.7056385399074951e-13
hybrid_strassen,256,9,0.013371502,7096,7096,0,0,3440640,168,1,2.9842794901924208e-13,4.7333463015269122e-15
iterative,256,10,0.017023904,7096,7096,0,0,0,0,1,0,0
recursive,256,10,0.510372151,7096,7096,0,0,2446640,33554430,1,1.1368683772161603e-13,1.7275435788673888e-15
hybrid_divide_conquer,256,10,0.014930839,7096,7096,0,0,2293760,126,1,1.2789769243681803e-13,1.936681062824705e-15
strassen,256,10,0.336502645,7096,7148,52,0,3669960,20176800,1,1.5546675058430992e-11,2.5565350856593666e-13
hybrid_strassen,256,10,0.012315977,7148,7148,0,0,3440640,168,1,3.4106051316484809e-13,5.5486431327521689e-15
iterative,512,1,0.309000172,8108,10156,2048,0,0,0,1,0,0
recursive,512,1,4.063272009,10156,19256,9100,0,9786672,268435454,1,3.4106051316484809e-13,2.6320238691333951e-15
hybrid_divide_conquer,512,1,0.102526786,19256,19256,0,0,9633792,1022,1,3.4106051316484809e-13,2.6548555404730554e-15
strassen,512,1,2.307207824,19256,23992,4736,0,14680008,141237621,1,6.3863581090117805e-11,5.3004329518567415e-13
hybrid_strassen,512,1,0.077852889,23992,23992,0,0,14450688,1197,1,1.4068746168049984e-12,1.2033925726518569e-14
iterative,512,2,0.265701338,23992,23992,0,0,0,0,1,0,0
recursive,512,2,3.963567671,23992,23992,0,0,9786672,268435454,1,3.4106051316484809e-13,2.5958043236158837e-15
hybrid_divide_conquer,512,2,0.098400671,23992,23992,0,0,9633792,1022,1,3.694822225952521e-13,2.812121350583874e-15
strassen,512,2,2.244621625,23992,23992,0,0,14680008,141237621,1,5.1542770052037667e-11,4.1972417476407418e-13
hybrid_strassen,512,2,0.074765973,23992,23992,0,0,14450688,1197,1,1.5347723092418164e-12,1.1477689674894998e-14
iterative,512,3,0.264611410,23992,23992,0,0,0,0,1,0,0
recursive,512,3,3.788297367,23992,23992,0,0,9786672,268435454,1,3.694822225952521e-13,2.6762662367458473e-15
hybrid_divide_conquer,512,3,0.095208854,23992,23992,0,0,9633792,1022,1,3.694822225952521e-13,2.6762662367458473e-15
strassen,512,3,2.176057670,23992,23992,0,0,14680008,141237621,1,4.8217430048680399e-11,3.8402385287610135e-13
hybrid_strassen,512,3,0.085533143,23992,23992,0,0,14450688,1197,1,1.3216094885137863e-12,1.0620013460477681e-14
iterative,512,4,0.265613594,23992,23992,0,0,0,0,1,0,0
recursive,512,4,3.735769363,23992,23992,0,0,9786672,268435454,1,3.979039320256561e-13,2.9395246111322103e-15
hybrid_divide_conquer,512,4,0.102560373,23992,23992,0,0,9633792,1022,1,3.979039320256561e-13,2.9395246111322103e-15
strassen,512,4,2.125328032,23992,23992,0,0,14680008,141237621,1,6.0111915445304476e-11,4.673079936168726e-13
hybrid_strassen,512,4,0.083305435,23992,23992,0,0,14450688,1197,1,1.3926637620897964e-12,1.0775112607014436e-14
iterative,512,5,0.269501220,23992,23992,0,0,0,0,1,0,0
recursive,512,5,3.915970841,23992,23992,0,0,9786672,268435454,1,3.5527136788005009e-13,2.8014271402729273e-15
hybrid_divide_conquer,512,5,0.099422895,23992,23992,0,0,9633792,1022,1,3.5527136788005009e-13,2.8014271402729273e-15
strassen,512,5,2.184759843,23992,23992,0,0,14680008,141237621,1,6.0254023992456496e-11,4.7918035527661975e-13
hybrid_strassen,512,5,0.079543499,23992,23992,0,0,14450688,1197,1,1.7053025658242404e-12,1.2991455684378811e-14
iterative,512,6,0.253990336,23992,23992,0,0,0,0,1,0,0
recursive,512,6,3.669834772,23992,23992,0,0,9786672,268435454,1,3.694822225952521e-13,2.6844006744935208e-15
hybrid_divide_conquer,512,6,0.096554670,23992,23992,0,0,9633792,1022,1,4.2632564145606011e-13,3.0973853936463704e-15
strassen,512,6,2.248019237,23992,23992,0,0,14680008,141237621,1,5.7497118177707307e-11,4.447164794179944e-13
hybrid_strassen,512,6,0.076180736,23992,23992,0,0,14450688,1197,1,1.2505552149377763e-12,9.90056004618178e-15
iterative,512,7,0.247965389,23992,23992,0,0,0,0,1,0,0
recursive,512,7,3.670430294,23992,23992,0,0,9786672,268435454,1,3.979039320256561e-13,3.0166576728437221e-15
hybrid_divide_conquer,512,7,0.101248149,23992,23992,0,0,9633792,1022,1,3.979039320256561e-13,3.0166576728437221e-15
strassen,512,7,2.073946542,23992,23992,0,0,14680008,141237621,1,5.8207660913467407e-11,4.4536262425137613e-13
hybrid_strassen,512,7,0.073734706,23992,23992,0,0,14450688,1197,1,1.3358203432289883e-12,1.0380658652138039e-14
iterative,512,8,0.272831195,23992,23992,0,0,0,0,1,0,0
recursive,512,8,3.613309565,23992,23992,0,0,9786672,268435454,1,3.4106051316484809e-13,2.5877724995275119e-15
hybrid_divide_conquer,512,8,0.095197356,23992,23992,0,0,9633792,1022,1,3.694822225952521e-13,2.7268858821699571e-15
strassen,512,8,2.096555756,23992,23992,0,0,14680008,141237621,1,5.8804516811505891e-11,4.5160987601387691e-13
hybrid_strassen,512,8,0.073490060,23992,23992,0,0,14450688,1197,1,1.2079226507921703e-12,9.4646623779700761e-15
iterative,512,9,0.267396230,23992,23992,0,0,0,0,1,0,0
recursive,512,9,3.632793078,23992,23992,0,0,9786672,268435454,1,3.4106051316484809e-13,2.5680066422186081e-15
hybrid_divide_conquer,512,9,0.097959425,23992,23992,0,0,9633792,1022,1,3.4106051316484809e-13,2.524991600010729e-15
strassen,512,9,2.100373052,23992,23992,0,0,14680008,141237621,1,5.6814997151377611e-11,4.4213746806559324e-13
hybrid_strassen,512,9,0.079757287,23992,23992,0,0,14450688,1197,1,1.3073986337985843e-12,1.0360317904599421e-14
iterative,512,10,0.283514320,23992,23992,0,0,0,0,1,0,0
recursive,512,10,3.932945113,23992,23992,0,0,9786672,268435454,1,3.694822225952521e-13,2.8041741432712673e-15
hybrid_divide_conquer,512,10,0.111190106,23992,23992,0,0,9633792,1022,1,3.694822225952521e-13,2.8041741432712673e-15
strassen,512,10,2.564856088,23992,23992,0,0,14680008,141237621,1,6.9690031523350626e-11,5.4369247146039025e-13
hybrid_strassen,512,10,0.093748443,23992,23992,0,0,14450688,1197,1,1.4210854715202004e-12,1.1441022266626214e-14
iterative,1024,1,3.802138505,26432,34624,8192,0,0,0,1,0,0
recursive,1024,1,29.745257674,34624,72396,37772,0,39146800,2147483646,1,1.0800249583553523e-12,4.1606400731364681e-15
hybrid_divide_conquer,1024,1,0.753939916,72396,72396,0,0,38993920,8190,1,1.1368683772161603e-12,4.3796211296173344e-15
strassen,1024,1,14.621112530,72396,91596,19200,0,58720200,988663368,1,3.1809577194508165e-10,1.2244781584596688e-12
hybrid_strassen,1024,1,0.546709658,91596,91596,0,0,58490880,8400,1,6.4233063312713057e-12,2.6018183102643313e-14
iterative,1024,2,3.495584441,91596,91596,0,0,0,0,1,0,0
recursive,1024,2,29.413024770,91596,91596,0,0,39146800,2147483646,1,1.0231815394945443e-12,3.9516554990360017e-15
hybrid_divide_conquer,1024,2,0.779681560,91596,91596,0,0,38993920,8190,1,1.0231815394945443e-12,3.9516554990360017e-15
strassen,1024,2,14.855942571,91596,91596,0,0,58720200,988663368,1,2.5187318897224031e-10,9.703987585846495e-13
hybrid_strassen,1024,2,0.525965615,91596,91596,0,0,58490880,8400,1,5.4853899200679734e-12,2.2773210427572825e-14
iterative,1024,3,3.304513573,91596,91596,0,0,0,0,1,0,0
recursive,1024,3,29.882504001,91596,91596,0,0,39146800,2147483646,1,1.0231815394945443e-12,3.8890804149411285e-15
hybrid_divide_conquer,1024,3,0.760075277,91596,91596,0,0,38993920,8190,1,1.0231815394945443e-12,3.8890804149411285e-15
strassen,1024,3,14.644582469,91596,91596,0,0,58720200,988663368,1,2.2083668227423914e-10,8.2854137584251719e-13
hybrid_strassen,1024,3,0.529897508,91596,91596,0,0,58490880,8400,1,5.7411853049416095e-12,2.2898642943096712e-14
iterative,1024,4,4.687702709,91596,91596,0,0,0,0,1,0,0
recursive,1024,4,31.163300426,91596,91596,0,0,39146800,2147483646,1,1.0231815394945443e-12,3.8946661816637311e-15
hybrid_divide_conquer,1024,4,0.773082662,91596,91596,0,0,38993920,8190,1,1.0231815394945443e-12,3.8659106405016457e-15
strassen,1024,4,15.421180621,91596,91596,0,0,58720200,988663368,1,2.2316726244753227e-10,8.697350572278269e-13
hybrid_strassen,1024,4,0.547439891,91596,91596,0,0,58490880,8400,1,5.6559201766503975e-12,2.2106754390700542e-14
iterative,1024,5,3.731299801,91596,91596,0,0,0,0,1,0,0
recursive,1024,5,29.847449638,91596,91596,0,0,39146800,2147483646,1,1.0231815394945443e-12,4.0111186635343397e-15
hybrid_divide_conquer,1024,5,0.761108319,91596,91596,0,0,38993920,8190,1,1.0231815394945443e-12,4.0111186635343397e-15
strassen,1024,5,14.627586035,91596,91596,0,0,58720200,988663368,1,2.035562829405535e-10,7.9520016954129376e-13
hybrid_strassen,1024,5,0.547097025,91596,91596,0,0,58490880,8400,1,6.0822458181064576e-12,2.3914858170793803e-14
iterative,1024,6,3.493349506,91596,91596,0,0,0,0,1,0,0
recursive,1024,6,31.576609060,91596,91596,0,0,39146800,2147483646,1,1.0231815394945443e-12,3.9161255898906576e-15
hybrid_divide_conquer,1024,6,0.867622733,91596,91596,0,0,38993920,8190,1,1.0231815394945443e-12,3.869429633720176e-15
strassen,1024,6,17.115777166,91596,91596,0,0,58720200,988663368,1,2.3641177904210053e-10,9.4054259800685281e-13
hybrid_strassen,1024,6,0.683738472,91596,91596,0,0,58490880,8400,1,6.0538241086760536e-12,2.4088947639816585e-14
iterative,1024,7,3.542299100,91596,91596,0,0,0,0,1,0,0
recursive,1024,7,29.323545582,91596,91596,0,0,39146800,2147483646,1,1.0800249583553523e-12,4.1060100227921643e-15
hybrid_divide_conquer,1024,7,0.757270152,91596,91596,0,0,38993920,8190,1,1.0800249583553523e-12,4.1600250911941934e-15
strassen,1024,7,14.584981898,91596,91596,0,0,58720200,988663368,1,2.5590907171135768e-10,9.7481344993798603e-13
hybrid_strassen,1024,7,0.528489538,91596,91596,0,0,58490880,8400,1,5.8264504332328215e-12,2.3198207078450942e-14
iterative,1024,8,3.317499610,91596,91596,0,0,0,0,1,0,0
recursive,1024,8,29.614970149,91596,91596,0,0,39146800,2147483646,1,1.1937117960769683e-12,4.3310049904260364e-15
hybrid_divide_conquer,1024,8,0.781210848,91596,91596,0,0,38993920,8190,1,1.1368683772161603e-12,4.124766657548606e-15
strassen,1024,8,14.834522087,91596,91596,0,0,58720200,988663368,1,2.3058532860886771e-10,9.4309150107817523e-13
hybrid_strassen,1024,8,0.544764034,91596,91596,0,0,58490880,8400,1,5.9685589803848416e-12,2.3716659520966109e-14
iterative,1024,9,4.124661808,91596,91596,0,0,0,0,1,0,0
recursive,1024,9,30.884224150,91596,91596,0,0,39146800,2147483646,1,1.0800249583553523e-12,3.9962384062599299e-15
hybrid_divide_conquer,1024,9,0.790482573,91596,91596,0,0,38993920,8190,1,1.0231815394945443e-12,3.9962384062599299e-15
strassen,1024,9,17.301688814,91596,91596,0,0,58720200,988663368,1,2.7370106181479059e-10,1.0870604455546026e-12
hybrid_strassen,1024,9,0.592709170,91596,91596,0,0,58490880,8400,1,5.8548721426632255e-12,2.2591963747818493e-14
iterative,1024,10,3.313402481,91596,91596,0,0,0,0,1,0,0
recursive,1024,10,31.044954679,91596,91596,0,0,39146800,2147483646,1,1.0800249583553523e-12,4.0069569439233568e-15
hybrid_divide_conquer,1024,10,1.008858611,91596,91596,0,0,38993920,8190,1,1.0800249583553523e-12,4.0069569439233568e-15
strassen,1024,10,18.752281934,91596,91596,0,0,58720200,988663368,1,2.3644020075153094e-10,9.2769720833562563e-13
hybrid_strassen,1024,10,0.555302706,91596,91596,0,0,58490880,8400,1,6.1390892369672656e-12,2.3920345311293703e-14
